City,Lat,Lng,Max Temp,Humidity,Cloudiness,Wind Speed,Country,Date
praia da vitoria,38.7333,-27.0667,73.76,73,75,16.08,PT,1624107210
jamestown,42.097,-79.2353,73.02,87,1,4.0,US,1624106971
mount isa,-20.7333,139.5,47.97,49,5,0.0,AU,1624107212
kerema,-7.9631,145.7785,78.08,86,100,6.78,PG,1624107214
flinders,-34.5833,150.8552,56.21,77,100,10.0,AU,1624107216
nikolskoye,59.7035,30.7861,85.89,30,17,7.65,RU,1624107218
mataura,-46.1927,168.8643,37.47,98,14,2.28,NZ,1624107219
saldanha,-33.0117,17.9442,80.65,37,6,12.19,ZA,1624107220
koungou,-12.7336,45.2042,82.11,61,0,16.11,YT,1624107222
san cristobal,7.7669,-72.225,75.38,82,60,5.97,VE,1624107223
howard springs,-12.497,131.047,72.82,33,88,10.2,AU,1624107225
guaymas,27.9333,-110.9,77.45,80,0,5.7,MX,1624107155
ribeira brava,32.65,-17.0667,74.01,67,100,3.24,PT,1624107227
kamenka,51.3223,42.7678,74.16,52,0,9.17,RU,1624107229
bartlesville,36.7473,-95.9808,75.69,90,38,1.01,US,1624107230
punta arenas,-53.15,-70.9167,39.31,65,0,8.05,CL,1624107232
cape town,-33.9258,18.4232,79.21,21,0,8.05,ZA,1624107233
provideniya,64.3833,-173.3,50.29,68,100,1.66,RU,1624107234
keti bandar,24.1447,67.4497,86.14,71,9,18.86,PK,1624107236
rikitea,-23.1203,-134.9692,74.68,68,100,19.44,PF,1624107237
fensmark,55.2792,11.8038,85.5,73,97,14.92,DK,1624107239
ribeira grande,38.5167,-28.7,73.8,73,40,18.41,PT,1624107240
minab,27.1467,57.0801,96.3,42,0,7.38,IR,1624107242
bluff,-46.6,168.3333,37.8,87,12,11.32,NZ,1624107243
butaritari,3.0707,172.7902,81.45,76,99,4.94,KI,1624107245
agadir,30.4202,-9.5982,81.05,43,7,11.77,MA,1624107246
pevek,69.7008,170.3133,33.87,97,100,1.3,RU,1624107247
ponta do sol,32.6667,-17.1,74.01,67,100,2.24,PT,1624107250
tiksi,71.6872,128.8694,69.13,35,89,14.0,RU,1624107251
labuhan,-6.8844,112.2051,80.02,78,61,3.4,ID,1624107253
salinopolis,-0.6136,-47.3561,83.93,67,30,12.68,BR,1624107254
khandbari,27.3747,87.2039,72.84,96,100,1.39,NP,1624107256
carnarvon,-24.8667,113.6333,57.27,50,4,6.91,AU,1624107257
lavrentiya,65.5833,-171.0,44.87,78,10,2.64,RU,1624107260
ushuaia,-54.8,-68.3,47.86,57,75,12.66,AR,1624107263
bredasdorp,-34.5322,20.0403,76.32,33,13,11.5,ZA,1624107264
davila,18.4726,120.5763,82.38,79,34,19.55,PH,1624107265
hermanus,-34.4187,19.2345,75.79,42,39,2.51,ZA,1624107250
kapaa,22.0752,-159.319,72.19,84,22,8.59,US,1624107268
tromso,69.6496,18.957,57.85,66,75,3.0,NO,1624107270
xuddur,4.1213,43.8894,82.62,50,98,22.53,SO,1624107271
avera,33.194,-82.5271,79.72,72,100,8.68,US,1624107274
tasiilaq,65.6145,-37.6368,38.16,66,41,4.0,GL,1624107275
krasnoselkup,65.7,82.4667,39.43,93,100,15.64,RU,1624107277
goderich,43.7501,-81.7165,69.03,88,51,8.05,CA,1624107278
thompson,55.7435,-97.8558,50.16,81,75,6.91,CA,1624107279
upernavik,72.7868,-56.1549,37.98,58,14,7.76,GL,1624107281
pervomayskiy,53.2485,40.2871,75.79,59,0,4.92,RU,1624107282
bathsheba,13.2167,-59.5167,84.81,65,20,18.41,BB,1624107285
kaitangata,-46.2817,169.8464,45.43,95,29,7.11,NZ,1624107287
new norfolk,-42.7826,147.0587,48.65,85,80,0.74,AU,1624107289
albany,42.6001,-73.9662,75.63,74,0,5.44,US,1624107291
mehamn,71.0357,27.8492,43.83,91,100,6.31,NO,1624107293
pisco,-13.7,-76.2167,64.45,82,90,6.91,PE,1624107294
cidreira,-30.1811,-50.2056,59.54,85,100,11.27,BR,1624107296
atuona,-9.8,-139.0333,79.61,74,64,18.95,PF,1624107297
itarema,-2.9248,-39.9167,82.74,67,52,12.64,BR,1624107298
vaini,-21.2,-175.2,71.76,94,20,5.75,TO,1624107300
busselton,-33.65,115.3333,54.09,89,100,12.26,AU,1624107301
belmonte,-15.8631,-38.8828,70.3,82,88,12.73,BR,1624107303
cabo san lucas,22.8909,-109.9124,81.81,61,20,0.0,MX,1624107305
dikson,73.5069,80.5464,31.5,88,12,4.56,RU,1624107306
kayes,14.0,-11.0,101.59,17,5,10.6,ML,1624107308
saint-philippe,-21.3585,55.7679,76.55,64,5,11.86,RE,1624107309
tuktoyaktuk,69.4541,-133.0374,46.09,64,13,11.1,CA,1624107310
sheregesh,52.9209,87.9869,64.45,76,100,6.31,RU,1624107312
capitan bado,-23.2667,-55.5333,52.88,98,100,8.5,PY,1624107314
ahipara,-35.1667,173.1667,60.35,90,56,13.15,NZ,1624107315
macapa,0.0389,-51.0664,84.18,84,40,4.61,BR,1624107316
marzuq,14.4,46.4667,98.53,8,11,19.06,YE,1624107318
nouakchott,18.0858,-15.9785,96.73,45,0,14.0,MR,1624107319
carahue,-38.7,-73.1667,43.0,87,9,1.57,CL,1624107321
vila velha,-20.3297,-40.2925,66.15,100,75,4.61,BR,1624107258
erzin,36.9559,36.2,86.52,60,0,12.1,TR,1624107323
qaanaaq,77.484,-69.3632,38.35,52,98,5.12,GL,1624107325
saskylakh,71.9167,114.0833,76.19,47,90,7.25,RU,1624107326
zharkovskiy,55.849,32.2697,83.03,34,0,7.11,RU,1624107328
victoria,22.2855,114.1577,88.32,80,100,8.99,HK,1624107329
itoman,26.1247,127.6694,84.22,91,75,11.5,JP,1624107331
khatanga,71.9667,102.5,57.15,57,84,9.46,RU,1624107332
salalah,17.0151,54.0924,84.79,72,100,10.13,OM,1624107333
maturin,9.75,-63.1767,81.28,76,42,6.02,VE,1624107335
houma,29.5958,-90.7195,77.0,94,90,13.8,US,1624107336
te anau,-45.4167,167.7167,32.58,91,4,1.14,NZ,1624107337
requena,39.4883,-1.1004,74.52,42,100,7.34,ES,1624107339
lebu,-37.6167,-73.65,46.45,78,59,3.78,CL,1624107340
severo-kurilsk,50.6789,156.125,42.8,90,93,1.88,RU,1624107342
daru,-9.0763,143.2092,78.12,77,100,11.83,PG,1624107344
laguna,38.421,-121.4238,79.21,54,40,1.01,US,1624107346
zhigansk,66.7697,123.3711,65.34,60,100,2.06,RU,1624107347
genhe,50.7833,121.5167,50.88,97,100,5.39,CN,1624107348
hilo,19.7297,-155.09,73.27,87,97,3.0,US,1624107350
kota kinabalu,5.9749,116.0724,80.58,83,20,3.44,MY,1624107351
barrow,71.2906,-156.7887,40.12,64,29,4.61,US,1624107353
oum hadjer,13.2954,19.6966,97.02,31,100,10.56,TD,1624107355
chuy,-33.6971,-53.4616,54.21,88,91,5.84,UY,1624107069
bethel,41.3712,-73.414,75.7,83,20,1.99,US,1624107358
port elizabeth,-33.918,25.5701,71.89,53,0,10.36,ZA,1624107359
tuy hoa,13.0833,109.3,77.83,83,61,8.59,VN,1624107361
ikungi,-5.1333,34.7667,77.58,33,100,8.57,TZ,1624107362
gorontalo,0.5412,123.0595,75.43,95,72,2.13,ID,1624107364
vestmanna,62.1564,-7.1664,47.32,100,90,10.36,FO,1624107365
portland,45.5234,-122.6762,54.75,86,74,1.19,US,1624107358
sistranda,63.7256,8.834,58.96,85,100,19.82,NO,1624107368
caravelas,-17.7125,-39.2481,74.64,68,86,11.34,BR,1624107370
ardakan,32.31,54.0175,104.38,7,0,23.04,IR,1624107372
naze,28.3667,129.4833,76.41,90,100,7.81,JP,1624107373
hobart,-42.8794,147.3294,49.01,91,75,1.14,AU,1624107375
sambava,-14.2667,50.1667,74.34,85,15,15.86,MG,1624107376
manado,1.487,124.8455,77.77,94,40,1.14,ID,1624107377
yellowknife,62.456,-114.3525,43.32,65,20,11.5,CA,1624107379
mar del plata,-38.0023,-57.5575,44.13,77,0,5.01,AR,1624107118
mayor pablo lagerenza,-19.9309,-60.7718,49.55,84,100,7.09,PY,1624107381
buin,-33.7333,-70.75,55.74,72,16,1.92,CL,1624107383
pangnirtung,66.1451,-65.7125,42.33,72,100,2.21,CA,1624107384
georgetown,5.4112,100.3354,80.53,92,40,11.5,MY,1624107373
east london,-33.0153,27.9116,72.54,46,0,8.05,ZA,1624107387
atlantic city,39.3643,-74.4229,76.3,74,1,9.22,US,1624107145
puerto ayora,-0.7393,-90.3518,74.55,92,76,8.99,EC,1624107390
lusambo,-4.9667,23.45,96.35,19,93,2.68,CD,1624107391
calama,-22.4667,-68.9333,36.09,41,0,20.71,CL,1624107247
shimoda,34.6667,138.95,70.0,95,100,9.42,JP,1624107394
ponta delgada,37.7333,-25.6667,70.52,78,20,21.85,PT,1624107395
bengkulu,-3.8004,102.2655,79.36,79,100,1.92,ID,1624107396
cermik,38.1361,39.4493,99.81,8,0,9.42,TR,1624107398
katsuura,35.1333,140.3,71.62,87,100,19.17,JP,1624107399
xiongzhou,25.1167,114.3,81.93,85,100,3.09,CN,1624107401
beringovskiy,63.05,179.3167,42.22,87,91,9.62,RU,1624107402
aleksandrov gay,50.147,48.5704,80.31,29,0,10.31,RU,1624107403
longyearbyen,78.2186,15.6401,39.04,70,75,21.85,SJ,1624107405
carutapera,-1.195,-46.02,83.08,75,45,8.46,BR,1624107195
himare,40.1017,19.7447,85.98,63,10,9.73,AL,1624107408
najran,17.4924,44.1277,101.05,8,10,19.53,SA,1624107409
iralaya,15.0,-83.2333,77.09,84,65,10.11,HN,1624107410
bull savanna,17.8868,-77.5902,81.82,67,33,13.49,JM,1624107412
tanout,14.9709,8.8879,100.78,14,17,4.54,NE,1624107413
vila,42.0304,-8.1588,63.73,78,98,7.07,PT,1624107414
cam ranh,11.9214,109.1591,80.56,74,20,2.3,VN,1624107416
rovaniemi,66.5,25.7167,63.81,45,0,13.8,FI,1624107417
mahebourg,-20.4081,57.7,75.49,69,75,9.22,MU,1624107419
vadso,70.0744,29.7487,58.08,58,75,16.11,NO,1624107420
saint-leu,-21.15,55.2833,76.03,86,6,14.65,RE,1624107423
sao joao dos patos,-6.495,-43.7022,83.48,43,5,10.67,BR,1624107422
ayan,56.45,138.1667,50.85,65,100,8.77,RU,1624107426
atherton,53.5237,-2.4935,68.7,56,51,9.42,GB,1624107427
volkhovskiy,58.58,31.3164,83.68,41,8,7.87,RU,1624107430
tete,-16.1564,33.5867,82.49,39,40,11.5,MZ,1624107431
masuguru,-11.3667,38.4167,86.95,28,97,7.72,TZ,1624107433
sovetskiy,61.3614,63.5842,61.83,56,100,12.53,RU,1624107434
haines junction,60.7522,-137.5108,42.75,75,0,2.3,CA,1624107436
beboto,8.2668,16.939,96.44,29,87,7.94,TD,1624107437
puquio,-14.7,-74.1333,51.66,61,50,4.59,PE,1624107438
bama,11.5221,13.6856,98.22,29,98,11.03,NG,1624107440
codrington,-38.2667,141.9667,52.27,76,100,9.53,AU,1624107441
airai,-8.9266,125.4092,57.76,92,94,2.84,TL,1624107443
oranjestad,12.524,-70.027,84.9,71,20,13.0,AW,1624107385
grants,35.1473,-107.8514,59.23,44,1,0.0,US,1624107370
ballina,-28.8667,153.5667,59.04,65,75,9.22,AU,1624107447
yakovlevka,44.425,133.4772,52.81,87,96,3.71,RU,1624107448
gigmoto,13.7796,124.39,82.63,83,100,8.34,PH,1624107450
rotterdam,51.9225,4.4792,71.17,81,90,6.91,NL,1624107415
bambanglipuro,-7.95,110.2833,59.61,86,100,3.4,ID,1624107453
petersburg,37.2279,-77.4019,80.62,70,1,10.36,US,1624107265
porto walter,-8.2686,-72.7439,75.47,74,97,3.2,BR,1624107456
hithadhoo,-0.6,73.0833,83.73,71,100,12.66,MV,1624107457
karasjok,69.4719,25.5112,55.51,54,96,8.05,NO,1624107459
grindavik,63.8424,-22.4338,46.56,76,75,14.97,IS,1624107461
phuket,8.0,98.25,80.82,89,20,3.44,TH,1624107462
half moon bay,37.4636,-122.4286,64.26,85,90,3.0,US,1624107282
bonthe,7.5264,-12.505,82.65,74,100,7.85,SL,1624107465
muromtsevo,56.3724,75.2418,54.55,54,92,10.74,RU,1624107467
avarua,-21.2078,-159.775,77.05,88,75,11.5,CK,1624107393
chokurdakh,70.6333,147.9167,63.05,48,12,10.29,RU,1624107470
fortuna,40.5982,-124.1573,55.65,73,90,0.0,US,1624107471
selikhino,50.3672,137.4996,62.1,55,100,8.97,RU,1624107473
alibag,18.6411,72.8792,84.27,78,100,16.17,IN,1624107474
faanui,-16.4833,-151.75,79.77,79,25,15.17,PF,1624107476
port alfred,-33.5906,26.891,74.71,39,3,7.09,ZA,1624107477
havoysund,70.9963,24.6622,47.28,95,100,8.19,NO,1624107479
grand-santi,4.25,-54.3833,79.12,82,75,5.23,GF,1624107480
barra patuca,15.8,-84.2833,80.1,85,100,7.11,HN,1624107482
sibu,2.3,111.8167,75.51,94,40,5.75,MY,1624107484
mount gambier,-37.8333,140.7667,44.51,93,100,0.0,AU,1624107485
sol-iletsk,51.1631,54.9918,76.3,37,12,9.24,RU,1624107487
taoudenni,22.6783,-3.9836,109.89,8,6,8.77,ML,1624107488
rincon,32.296,-81.2354,80.85,81,100,5.08,US,1624107490
villa carlos paz,-31.4241,-64.4978,39.4,79,76,1.74,AR,1624107491
port hedland,-20.3167,118.5667,64.45,82,0,0.0,AU,1624107495
lakes entrance,-37.8811,147.981,50.58,82,100,7.02,AU,1624107498
wewak,-3.5534,143.6268,78.82,83,49,2.95,PG,1624107499
hamilton,39.1834,-84.5333,67.98,97,90,1.01,US,1624107500
sosnovka,56.255,51.2842,80.01,51,9,13.31,RU,1624107502
kitsuki,33.4167,131.6167,73.22,68,75,2.3,JP,1624107503
miri,4.4148,114.0089,82.54,83,40,3.44,MY,1624107505
holoby,51.0865,25.0077,77.11,64,14,13.96,UA,1624107506
necochea,-38.5473,-58.7368,39.04,67,100,6.71,AR,1624107507
puerto escondido,15.85,-97.0667,77.43,83,95,3.94,MX,1624107509
tianpeng,30.9866,103.9393,79.27,84,84,1.23,CN,1624107510
saint george,37.1041,-113.5841,84.94,29,0,1.99,US,1624107513
vostok,46.4856,135.8833,50.18,75,100,5.19,RU,1624107514
hasaki,35.7333,140.8333,68.4,83,100,18.1,JP,1624107516
geraldton,-28.7667,114.6,48.61,81,16,10.36,AU,1624107517
santa rita,-7.1139,-34.9781,77.67,83,75,12.66,BR,1624107519
amahai,-3.3333,128.9167,78.4,85,100,6.42,ID,1624107521
hlukhiv,51.6782,33.9162,77.14,67,0,12.84,UA,1624107523
abbeville,50.1,1.8333,71.28,75,100,3.67,FR,1624107524
nanortalik,60.1432,-45.2371,41.29,76,100,13.82,GL,1624107525
launceston,-41.45,147.1667,42.15,90,65,5.75,AU,1624107527
adrar,20.5022,-10.0711,96.31,14,0,14.27,MR,1624107528
skala,50.2305,19.8536,87.6,42,0,11.5,PL,1624107530
sungaipenuh,-2.0833,101.3833,64.53,96,75,1.21,ID,1624107531
suleja,9.1758,7.1808,85.19,54,100,2.8,NG,1624107532
lompoc,34.6391,-120.4579,61.09,93,90,0.0,US,1624107534
chernyshevskiy,63.0128,112.4714,67.1,55,96,3.65,RU,1624107535
le port,-20.9373,55.2919,76.96,86,14,4.74,RE,1624107537
vao,-22.6667,167.4833,72.32,77,98,12.86,NC,1624107538
bukama,-9.2,25.85,92.37,20,66,3.85,CD,1624107540
college,64.8569,-147.8028,59.9,77,100,2.39,US,1624107541
lai,9.3952,16.2989,97.3,30,81,7.11,TD,1624107542
port lincoln,-34.7333,135.8667,52.34,66,9,2.73,AU,1624107544
taonan,45.3333,122.7833,65.48,54,77,4.09,CN,1624107545
brae,60.3964,-1.353,53.51,56,86,4.99,GB,1624107547
fairbanks,64.8378,-147.7164,60.1,78,100,2.42,US,1624107509
tosya,41.0155,34.0401,79.09,36,56,3.8,TR,1624107549
kruisfontein,-34.0033,24.7314,76.84,20,5,10.31,ZA,1624107551
manyana,-23.4,21.7167,71.53,26,6,15.28,BW,1624107552
dabakala,8.3667,-4.4333,96.55,37,63,4.18,CI,1624107554
pavlodar,52.3,76.95,62.4,36,40,15.66,KZ,1624107555
lipin bor,60.2622,37.9763,77.02,42,0,10.22,RU,1624107559
sunzha,43.3211,45.0522,85.91,38,19,16.08,RU,1624107560
dingle,10.9995,122.6711,78.78,85,100,4.34,PH,1624107562
iskilip,40.7353,34.4739,82.11,29,4,4.54,TR,1624107563
los llanos de aridane,28.6585,-17.9182,67.75,66,40,14.97,ES,1624107565
port hawkesbury,45.6169,-61.3485,69.89,62,1,4.0,CA,1624107566
menongue,-14.6585,17.691,79.23,16,4,7.45,AO,1624107567
eyl,7.9803,49.8164,90.91,47,63,28.63,SO,1624107569
pingliang,35.5392,106.6861,68.38,42,100,3.74,CN,1624107570
esperance,-33.8667,121.9,51.64,58,100,13.42,AU,1624107572
liseleje,56.0053,11.9483,85.05,93,83,5.75,DK,1624107573
cockburn town,21.4612,-71.1419,80.78,86,100,19.82,TC,1624107287
udachnyy,66.4167,112.4,74.05,40,73,1.79,RU,1624107577
chapais,49.7834,-74.8492,58.78,83,100,4.59,CA,1624107579
jacqueville,5.2052,-4.4146,82.31,78,32,12.1,CI,1624107580
nemuro,43.3236,145.575,50.18,94,100,6.62,JP,1624107582
ilulissat,69.2167,-51.1,39.67,59,16,3.18,GL,1624107583
kurilsk,45.2333,147.8833,43.07,93,100,2.71,RU,1624107586
conde,-7.2597,-34.9075,76.46,83,75,12.66,BR,1624107587
ancud,-41.8697,-73.8203,40.53,88,90,6.55,CL,1624107589
pangody,65.85,74.4859,57.09,36,100,2.86,RU,1624107590
mengcheng,33.2579,116.5655,71.26,74,96,7.52,CN,1624107592
richards bay,-28.783,32.0377,72.28,54,42,7.16,ZA,1624107593
camacha,33.0833,-16.3333,71.02,46,20,12.66,PT,1624107595
murfreesboro,35.8456,-86.3903,77.32,85,1,6.91,US,1624107596
santa cruz del sur,20.7147,-77.9956,80.92,85,96,4.61,CU,1624107597
petropavlovsk-kamchatskiy,53.0452,158.6483,46.99,66,75,2.24,RU,1624107599
lodwar,3.1191,35.5973,91.58,30,100,7.92,KE,1624107600
klaksvik,62.2266,-6.589,49.12,84,37,15.68,FO,1624107603
urucui,-7.2294,-44.5561,86.31,41,1,12.17,BR,1624107606
torbay,47.6666,-52.7314,64.27,81,61,3.0,CA,1624107608
lata,40.1629,-8.3327,71.35,65,96,10.13,PT,1624107611
gizo,-8.103,156.8419,81.19,76,27,5.66,SB,1624107614
zorritos,-3.6805,-80.6782,73.31,72,99,3.2,PE,1624107616
mlonggo,-6.5333,110.7,76.89,77,81,1.14,ID,1624107618
mackay,-21.15,149.2,55.04,49,69,7.76,AU,1624107619
merzifon,40.8733,35.4631,80.06,42,20,16.11,TR,1624107621
cherskiy,68.75,161.3,42.89,70,6,6.13,RU,1624107623
bonavista,48.6499,-53.1147,53.56,72,100,7.72,CA,1624107625
narsaq,60.9167,-46.05,45.63,59,100,3.67,GL,1624107627
scarborough,54.2797,-0.4044,63.79,74,42,5.01,GB,1624107611
carmignano,43.8114,11.0155,90.52,43,0,1.01,IT,1624107629
cabedelo,-6.9811,-34.8339,79.7,76,11,13.38,BR,1624107631
gongzhuling,43.5008,124.8198,60.35,81,100,9.42,CN,1624107633
leh,34.1667,77.5833,59.11,28,81,6.26,IN,1624107635
castro,-24.7911,-50.0119,52.45,98,100,5.73,BR,1624107636
altamira,-3.2033,-52.2064,77.29,85,98,3.8,BR,1624107638
porto novo,6.4965,2.6036,88.2,58,61,10.07,BJ,1624107640
awbari,26.5921,12.7805,103.5,11,0,13.51,LY,1624107643
bereda,43.2686,-7.5406,64.42,100,94,3.13,ES,1624107644
seymchan,62.8833,152.4333,50.34,62,26,2.66,RU,1624107646
pekan,3.4836,103.3996,79.5,84,99,5.26,MY,1624107648
bilma,18.6853,12.9164,107.29,9,7,5.66,NE,1624107649
dustlik,40.5247,68.0358,99.55,11,100,10.56,UZ,1624107651
guaratinga,-16.5667,-39.5667,68.67,79,89,7.54,BR,1624107652
livingston,55.9029,-3.5226,63.25,83,20,9.22,GB,1624107653
robertsport,6.7533,-11.3686,81.37,75,100,7.18,LR,1624107655
constitucion,-35.3333,-72.4167,49.98,73,23,4.25,CL,1624107510
hualmay,-11.0964,-77.6139,65.1,85,100,5.14,PE,1624107658
jining,35.405,116.5814,80.58,37,1,10.54,CN,1624107659
tanabi,-20.6264,-49.6492,79.21,27,0,11.32,BR,1624107661
moree,-29.4667,149.85,50.56,73,97,10.4,AU,1624107662
san quintin,30.4833,-115.95,62.31,90,48,8.01,MX,1624107665
wilmington,34.2257,-77.9447,82.0,76,100,7.87,US,1624107606
sidney,-33.8679,151.2073,57.29,86,75,1.99,AU,1624107652
shakawe,-18.3667,21.85,79.29,20,0,9.28,BW,1624107669
panzhihua,26.5851,101.7128,84.0,55,100,3.09,CN,1624107670
tabora,-5.0167,32.8,83.37,29,100,4.41,TZ,1624107672
port-cartier,50.0334,-66.8654,53.92,99,100,6.93,CA,1624107489
lahaina,20.8783,-156.6825,75.81,86,0,7.07,US,1624107627
hami,42.8,93.45,89.74,9,100,7.4,CN,1624107677
baruun-urt,46.6806,113.2792,60.15,53,91,7.38,MN,1624107679
deputatskiy,69.3,139.9,66.09,38,98,4.21,RU,1624107681
yeppoon,-23.1333,150.7333,55.18,58,81,7.85,AU,1624107683
seoul,37.5683,126.9778,70.99,53,96,2.73,KR,1624107684
lokosovo,61.1333,74.8167,53.76,60,100,6.33,RU,1624107686
portales,34.1862,-103.3344,73.09,44,4,7.14,US,1624107687
bratsk,56.1325,101.6142,64.89,87,100,2.98,RU,1624107689
yoichi,43.2039,140.7703,57.22,80,100,4.61,JP,1624107690
bograd,54.2344,90.8328,80.35,77,41,4.79,RU,1624107692
hofn,64.2539,-15.2082,51.82,58,90,13.8,IS,1624107693
show low,34.2542,-110.0298,74.01,27,1,3.44,US,1624107695
umm lajj,25.0213,37.2685,84.97,59,0,14.09,SA,1624107696
lander,42.833,-108.7307,73.99,39,100,3.22,US,1624107551
puerto del rosario,28.5004,-13.8627,74.95,53,40,19.57,ES,1624107699
bria,6.5423,21.9863,85.57,51,97,4.61,CF,1624107700
dom pedro,-4.4833,-44.45,81.07,78,100,5.28,BR,1624107702
beloha,-25.1667,45.05,68.88,69,100,13.31,MG,1624107703
muros,42.7762,-9.0603,63.86,83,100,7.83,ES,1624107704
grand falls,47.0461,-67.7418,60.08,93,100,6.11,CA,1624107706
newport,51.5877,-2.9984,63.14,75,100,8.81,GB,1624107707
presidencia roque saenz pena,-26.7852,-60.4388,54.37,64,28,7.36,AR,1624107708
mandera,3.9366,41.867,91.31,33,100,23.31,KE,1624107710
amalapuram,16.5833,82.0167,91.78,70,100,7.18,IN,1624107711
guerrero negro,27.9769,-114.0611,61.83,95,3,8.37,MX,1624107713
ketchikan,55.3422,-131.6461,52.27,87,90,0.0,US,1624107714
ozinki,51.1786,49.6769,78.44,35,0,5.7,RU,1624107717
nara,34.6851,135.8049,69.26,97,100,2.24,JP,1624107681
belaya gora,68.5333,146.4167,68.68,43,100,7.96,RU,1624107719
rocha,-34.4833,-54.3333,50.59,90,100,3.91,UY,1624107687
touros,-5.1989,-35.4608,82.2,69,39,13.82,BR,1624107722
poum,-20.2333,164.0167,73.9,82,41,10.18,NC,1624107724
vila franca do campo,37.7167,-25.4333,70.21,68,16,9.01,PT,1624107726
san ignacio,17.1561,-89.0714,76.28,96,100,1.01,BZ,1624107728
puerto asis,0.5133,-76.5007,70.34,99,100,1.23,CO,1624107729
muisne,0.6,-80.0333,76.14,83,99,11.56,EC,1624107730
olafsvik,64.8945,-23.7142,41.13,76,100,8.79,IS,1624107732
kenai,60.5544,-151.2583,51.03,92,100,7.29,US,1624107733
liverpool,53.4106,-2.9779,71.29,60,75,7.0,GB,1624107714
road town,18.4167,-64.6167,83.19,77,99,19.35,VG,1624107736
akyab,20.15,92.9,78.55,85,100,5.53,MM,1624107737
walvis bay,-22.9575,14.5053,73.36,44,0,9.91,NA,1624107739
kavaratti,10.5669,72.642,83.12,77,54,20.45,IN,1624107742
kidal,18.4411,1.4078,104.13,15,4,5.44,ML,1624107743
duekoue,6.7472,-7.3496,87.51,56,93,2.64,CI,1624107745
lagoa,39.05,-27.9833,67.06,90,100,15.14,PT,1624107746
mnogovershinnyy,53.9353,139.9242,49.17,61,96,3.11,RU,1624107747
rudnyy,52.9594,63.1206,73.63,55,100,14.34,KZ,1624107749
norman wells,65.282,-126.8329,55.22,56,98,5.82,CA,1624107750
faya,18.3851,42.4509,81.63,31,92,8.84,SA,1624107752
black river,18.0264,-77.8487,83.98,61,15,8.63,JM,1624107753
la asuncion,11.0333,-63.8628,81.01,77,59,9.73,VE,1624107755
abalak,58.1286,68.5944,62.76,40,100,9.62,RU,1624107756
luderitz,-26.6481,15.1594,73.89,39,2,12.57,NA,1624107758
shimanovsk,52.0,127.7,57.18,97,63,6.42,RU,1624107759
zelenoborsk,61.4669,64.0333,65.57,41,99,9.22,RU,1624107762
ahuimanu,21.4447,-157.8378,74.86,73,22,7.96,US,1624107763
thinadhoo,0.5333,72.9333,84.04,71,100,13.85,MV,1624107663
fairview,40.8126,-73.999,75.94,79,1,8.05,US,1624107667
khromtau,50.2503,58.4347,72.64,30,21,11.41,KZ,1624107767
jacmel,18.2342,-72.5347,83.16,72,51,1.59,HT,1624107769
tomatlan,19.9333,-105.25,77.83,91,100,1.23,MX,1624107770
dongsheng,39.8161,109.9776,72.84,21,100,9.95,CN,1624107773
talnakh,69.4865,88.3972,45.46,85,100,5.82,RU,1624107774
nishihara,26.1842,127.7558,83.48,89,75,11.5,JP,1624107777
ipil,7.75,122.5167,75.79,89,100,2.28,PH,1624107778
pocone,-16.2567,-56.6228,72.23,51,0,4.41,BR,1624107780
bambous virieux,-20.3428,57.7575,75.22,68,23,14.16,MU,1624107781
maragogi,-9.0122,-35.2225,75.56,85,100,12.91,BR,1624107783
mahajanga,-15.7167,46.3167,87.82,37,40,10.36,MG,1624107784
hauterive,46.0901,3.4459,88.56,40,100,6.13,FR,1624107786
puerto maldonado,-12.6,-69.1833,70.77,72,11,2.33,PE,1624107556
samarai,-10.6167,150.6667,79.05,75,100,12.19,PG,1624107788
sika,13.3546,-16.345,91.54,38,66,11.1,GM,1624107790
kharan,28.5833,65.4167,102.43,4,0,8.14,PK,1624107792
timizart,36.8,4.2667,90.55,38,16,9.1,DZ,1624107793
bonoua,5.2741,-3.595,82.02,75,100,8.59,CI,1624107795
fuyang,32.9,115.8167,70.27,81,100,4.56,CN,1624107796
san-pedro,4.7485,-6.6363,81.9,75,21,8.68,CI,1624107797
ampanihy,-24.7,44.75,71.56,52,35,16.98,MG,1624107799
sisimiut,66.9395,-53.6735,42.66,75,100,7.45,GL,1624107800
inhambane,-23.865,35.3833,73.78,62,6,14.2,MZ,1624107802
novo aripuana,-5.1206,-60.3797,83.25,67,34,3.44,BR,1624107803
aginskoye,51.1,114.53,52.36,94,100,9.53,RU,1624107804
yakeshi,49.2833,120.7333,52.14,94,100,8.99,CN,1624107806
arraial do cabo,-22.9661,-42.0278,70.38,75,79,21.07,BR,1624107807
srednekolymsk,67.45,153.6833,51.21,51,100,8.79,RU,1624107809
imbituba,-28.24,-48.6703,59.23,96,100,6.58,BR,1624107733
nhulunbuy,-12.2333,136.7667,74.01,73,90,11.5,AU,1624107811
shwebo,22.5667,95.7,80.8,69,100,13.0,MM,1624107814
rantepao,-2.9701,119.8978,66.78,98,100,1.68,ID,1624107815
baijiantan,45.6333,85.1833,88.63,22,100,13.27,CN,1624107817
acarau,-2.8856,-40.12,81.93,70,62,12.53,BR,1624107818
karratha,-20.7377,116.8463,69.66,50,0,5.19,AU,1624107820
semirom,31.4167,51.5667,84.92,8,45,21.5,IR,1624107821
nantucket,41.2835,-70.0995,74.07,82,56,24.38,US,1624107643
rokiskis,55.9667,25.5833,81.97,45,0,7.87,LT,1624107825
saint simons,31.1352,-81.3901,80.64,83,1,3.44,US,1624107826
oussouye,12.485,-16.5469,89.91,42,12,10.58,SN,1624107828
shakiso,5.75,38.9167,69.01,63,99,6.38,ET,1624107830
clyde river,70.4692,-68.5914,34.03,100,90,8.05,CA,1624107832
sikar,27.6167,75.15,97.03,24,100,9.4,IN,1624107833
caucaia,-3.7361,-38.6531,84.15,60,40,16.11,BR,1624107835
hambantota,6.1241,81.1185,91.74,52,20,16.11,LK,1624107836
isangel,-19.55,169.2667,75.63,85,29,6.08,VU,1624107838
nexo,55.0607,15.1306,70.23,74,0,9.6,DK,1624107839
westport,41.1415,-73.3579,76.71,85,1,3.0,US,1624107788
banon,40.8382,-1.1909,72.18,100,20,6.91,ES,1624107842
saint-augustin,51.226,-58.6502,61.63,66,100,12.26,CA,1624107843
vanimo,-2.6741,141.3028,77.99,86,93,4.34,PG,1624107679
tiznit,29.5833,-9.5,70.12,49,48,14.2,MA,1624107846
berlevag,70.8578,29.0864,44.11,92,100,10.83,NO,1624107790
buraydah,26.326,43.975,105.01,5,0,13.4,SA,1624107849
berdigestyakh,62.0989,126.6992,67.26,66,96,3.36,RU,1624107850
meulaboh,4.1363,96.1285,80.73,80,100,3.0,ID,1624107852
kahului,20.8947,-156.47,75.85,86,1,1.99,US,1624107620
aklavik,68.2191,-135.0107,60.94,50,16,10.65,CA,1624107854
lubbock,33.6001,-101.8338,73.65,61,20,9.22,US,1624107769
leeton,-34.5667,146.4,45.19,81,0,5.99,AU,1624107857
ossora,59.2353,163.0719,42.03,98,100,6.2,RU,1624107858
celestun,20.8667,-90.4,76.73,90,100,11.81,MX,1624107860
taksimo,56.3444,114.8794,55.72,92,100,1.21,RU,1624107861
misratah,32.3754,15.0925,83.17,49,0,12.19,LY,1624107864
gwadar,25.1216,62.3254,84.96,74,0,13.35,PK,1624107865
ambilobe,-13.2,49.05,82.99,54,70,5.5,MG,1624107866
pangai,-19.8,-174.35,76.42,75,8,14.43,TO,1624107868
anadyr,64.75,177.4833,39.0,80,100,4.0,RU,1624107869
vestmannaeyjar,63.4427,-20.2734,47.39,76,20,8.05,IS,1624107791
tevriz,57.509,72.4042,61.16,42,87,5.84,RU,1624107873
duku,11.2361,4.9073,98.06,37,74,2.3,NG,1624107874
nome,64.5011,-165.4064,59.07,56,40,6.91,US,1624107876
pringsewu,-5.3582,104.9744,75.94,90,100,4.03,ID,1624107877
boden,65.8252,21.6886,57.2,32,100,6.35,SE,1624107880
port hardy,50.6996,-127.4199,51.13,96,100,6.69,CA,1624107792
tuatapere,-46.1333,167.6833,37.81,92,8,4.09,NZ,1624107883
tigil,57.8,158.6667,43.54,84,100,2.24,RU,1624107884
quime,-16.9833,-67.2167,52.54,38,98,2.64,BO,1624107886
morris,40.8334,-74.5329,73.72,84,75,5.75,US,1624107887
verkhovazhye,60.7472,42.0465,85.44,35,33,12.57,RU,1624107888
komsomolskiy,40.4272,71.7189,90.32,18,0,11.5,UZ,1624107893
pokhara,28.2333,83.9833,71.91,97,100,0.87,NP,1624107783
nabire,-3.3667,135.4833,76.44,90,98,1.86,ID,1624107895
thaba-tseka,-29.522,28.6084,53.35,32,1,7.54,LS,1624107897
baculin,7.4525,126.5842,78.85,87,100,7.25,PH,1624107898
ahome,25.9167,-109.1833,78.1,78,18,1.99,MX,1624107900
saint-raphael,19.4333,-72.2,79.54,70,23,5.1,HT,1624107901
hobyo,5.3505,48.5268,80.85,72,100,30.85,SO,1624107904
cayenne,4.9333,-52.3333,84.99,74,75,4.61,GF,1624107609
mikhaylov,54.2292,39.0186,76.24,59,0,4.29,RU,1624107907
bekobod,40.2208,69.2697,98.29,10,4,6.87,UZ,1624107908
san julian,21.0167,-102.1667,58.71,85,100,8.08,MX,1624107910
lipari,38.4674,14.954,86.32,62,100,6.98,IT,1624107911
saint-joseph,-21.3667,55.6167,75.56,64,5,11.56,RE,1624107913
lobatse,-25.2167,25.6667,66.25,36,3,10.4,BW,1624107914
turukhansk,65.8167,87.9833,69.1,76,35,10.25,RU,1624107916
bodden town,19.2833,-81.25,87.01,59,20,1.99,KY,1624107918
tazovskiy,67.4667,78.7,46.56,60,97,9.57,RU,1624107919
syamzha,60.0158,41.0614,85.14,31,0,11.23,RU,1624107921
iwanai,42.9744,140.5089,54.59,97,100,6.35,JP,1624107923
san patricio,28.017,-97.5169,82.29,79,0,2.24,US,1624107925
porbandar,21.6422,69.6093,86.02,71,69,18.41,IN,1624107723
kabompo,-13.5927,24.2008,82.85,19,97,6.17,ZM,1624107927
bay roberts,47.5999,-53.2648,65.03,68,100,5.01,CA,1624107929
coihaique,-45.5752,-72.0662,39.81,86,40,0.0,CL,1624107930
la calera,-31.3438,-64.3353,41.59,87,94,1.14,AR,1624107932
redlands,34.0556,-117.1825,89.56,71,1,0.0,US,1624107933
egvekinot,66.3167,-179.1667,36.41,91,97,1.3,RU,1624107936
saint anthony,45.0205,-93.218,66.52,66,1,4.0,US,1624107937
upata,8.0086,-62.3989,78.19,70,51,7.61,VE,1624107939
kitimat,54.0524,-128.6534,51.91,96,100,0.78,CA,1624107667
sidi ali,36.0998,0.4206,72.0,54,100,14.0,DZ,1624107941
yulara,-25.2406,130.9889,46.6,68,68,9.8,AU,1624107943
aloleng,16.1307,119.7824,83.46,77,99,8.84,PH,1624107944
tutoia,-2.7619,-42.2744,81.97,75,98,11.21,BR,1624107946
russell,32.3502,-85.1999,74.79,86,75,0.0,US,1624107667
rosario,-32.9468,-60.6393,50.83,81,10,1.01,AR,1624107948
wawa,9.9022,4.4192,96.39,41,54,3.53,NG,1624107949
rabo de peixe,37.8,-25.5833,69.31,78,20,21.85,PT,1624107951
lerwick,60.1545,-1.1494,53.6,60,100,5.12,GB,1624107952
penzance,50.1186,-5.5371,63.72,55,20,10.36,GB,1624107954
anaconda,46.1285,-112.9423,55.78,42,84,3.96,US,1624107955
atar,20.5169,-13.0499,97.34,14,0,13.31,MR,1624107956
bayeux,-7.125,-34.9322,77.63,100,40,9.22,BR,1624107959
champerico,14.3,-91.9167,85.35,84,100,4.52,GT,1624107960
nouadhibou,20.931,-17.0347,70.16,68,0,17.36,MR,1624107962
nyurba,63.2842,118.3319,69.33,63,86,4.34,RU,1624107964
bandarbeyla,9.4942,50.8122,86.13,58,100,32.61,SO,1624107965
leningradskiy,69.3833,178.4167,36.34,96,93,0.63,RU,1624107967
iroquois falls,48.7669,-80.6831,53.74,89,100,8.46,CA,1624107968
fort nelson,58.8053,-122.7002,51.76,71,82,2.8,CA,1624107971
arona,28.0996,-16.681,70.32,51,75,8.99,ES,1624107972
ranaghat,23.1833,88.5833,80.46,82,100,10.78,IN,1624107974
sakakah,29.9697,40.2064,99.77,8,0,11.65,SA,1624107975
cheremukhovo,60.3484,59.9851,56.16,89,100,4.54,RU,1624107976
arman,59.7,150.1667,49.62,76,13,3.11,RU,1624107978
dunedin,-45.8742,170.5036,45.81,86,54,1.99,NZ,1624107979
palmer,42.1584,-72.3287,76.98,68,15,1.99,US,1624107981
bintulu,3.1667,113.0333,78.71,86,100,3.8,MY,1624107982
samarinda,-0.5,117.15,74.86,96,27,2.3,ID,1624107984
enid,36.3956,-97.8784,83.14,76,40,5.01,US,1624107803
qostanay,53.1667,63.5833,73.69,31,75,15.66,KZ,1624107986
sola,-13.8833,167.55,80.69,79,80,14.09,VU,1624107988
port blair,11.6667,92.75,83.86,77,13,7.92,IN,1624107989
kudat,6.8837,116.8477,80.37,80,100,4.56,MY,1624107990
kodiak,57.79,-152.4072,47.71,93,90,0.0,US,1624107992
lorengau,-2.0226,147.2712,80.01,77,23,2.1,PG,1624107993
bayji,34.9311,43.487,105.57,8,0,13.94,IQ,1624107995
biak,-0.9131,122.8766,76.42,83,63,5.97,ID,1624107996
sao felix do xingu,-6.6447,-51.995,83.37,60,80,2.84,BR,1624107998
atikokan,48.7555,-91.6216,50.34,72,100,4.83,CA,1624107999
bowen,-20.0167,148.2333,60.94,57,97,5.08,AU,1624108001
alice springs,-23.7,133.8833,53.15,58,90,8.05,AU,1624107883
pasni,25.2631,63.471,84.07,77,0,20.29,PK,1624108003
kavieng,-2.5744,150.7967,80.29,74,14,2.1,PG,1624108005
pagudpud,18.5616,120.7868,81.81,85,53,15.3,PH,1624108006
yar-sale,66.8333,70.8333,54.57,55,100,2.39,RU,1624108007
kursk,51.7303,36.1939,80.8,41,0,13.42,RU,1624107935
kanth,29.0667,78.6333,77.4,80,100,6.13,IN,1624108010
viedma,-40.8135,-62.9967,42.06,80,100,9.35,AR,1624108011
sao paulo de olivenca,-3.3783,-68.8725,76.21,93,67,1.3,BR,1624108013
penarroya-pueblonuevo,38.3,-5.2667,70.45,31,21,6.08,ES,1624108014
wundanyi,-3.4019,38.364,69.15,49,100,11.65,KE,1624108016
springdale,36.1867,-94.1288,77.25,88,1,4.0,US,1624108017
maniitsoq,65.4167,-52.9,40.84,90,100,12.46,GL,1624108019
tautira,-17.7333,-149.15,78.82,81,3,14.58,PF,1624108020
kutum,14.2,24.6667,93.7,18,42,12.62,SD,1624108021
ixtapa,20.7,-105.2,76.23,94,90,0.0,MX,1624108023
ishinomaki,38.4167,141.3,66.52,93,100,20.0,JP,1624107749
aksarka,66.5606,67.7975,56.21,54,71,8.1,RU,1624108026
sorland,67.667,12.6934,50.07,71,100,10.54,NO,1624108027
pathein,16.7833,94.7333,80.17,84,97,5.68,MM,1624108030
emmett,43.8735,-116.4993,68.94,52,4,1.01,US,1624107950
damaturu,11.747,11.9608,91.87,39,89,9.42,NG,1624108032
gorgan,36.8387,54.4348,93.45,37,0,6.91,IR,1624108034
shadegan,30.6497,48.6647,113.7,5,0,15.55,IR,1624108035
sandeid,59.5449,5.8636,55.35,97,100,3.02,NO,1624108037
pacific grove,36.6177,-121.9166,61.25,93,90,7.0,US,1624107949
dombarovskiy,50.7587,59.5386,73.02,29,78,11.21,RU,1624108039
victor harbor,-35.5667,138.6167,54.46,95,6,5.84,AU,1624108041
knysna,-34.0363,23.0471,76.86,28,3,2.46,ZA,1624108042
jalu,29.0331,21.5482,92.44,15,0,17.13,LY,1624108044
agboville,5.928,-4.2132,83.28,79,100,3.98,CI,1624108045
nuqui,5.7125,-77.2708,78.78,86,77,1.81,CO,1624108046
north myrtle beach,33.816,-78.68,83.1,84,1,1.01,US,1624107992
oktyabrskoye,43.0645,44.7417,80.74,61,75,11.18,RU,1624108049
mitu,1.1983,-70.1733,73.98,94,90,1.74,CO,1624108051
havre-saint-pierre,50.2334,-63.5986,52.99,89,100,8.99,CA,1624108052
tahoua,14.8888,5.2692,101.12,22,71,4.99,NE,1624108053
ostrovnoy,68.0531,39.5131,48.79,79,80,15.88,RU,1624108055
malindi,-3.2175,40.1191,80.49,64,89,20.45,KE,1624108056
semnan,35.5729,53.3971,95.76,12,0,10.07,IR,1624108058
marana,32.4367,-111.2254,89.82,23,1,6.91,US,1624108060
rodrigues alves,-7.738,-72.6509,74.37,78,100,2.68,BR,1624108062
sao filipe,14.8961,-24.4956,74.55,73,0,5.77,CV,1624108063
kandi,11.1342,2.9386,96.01,37,100,4.97,BJ,1624108065
kingaroy,-26.5333,151.8333,48.65,75,1,13.04,AU,1624108066
otorohanga,-38.1833,175.2,58.55,93,100,6.15,NZ,1624108067
dwarka,22.2394,68.9678,86.16,72,97,18.41,IN,1624108069
inuvik,68.3499,-133.7218,59.81,52,10,7.58,CA,1624108070
husavik,66.0449,-17.3389,42.98,79,92,4.47,IS,1624108072
assiniboia,49.6334,-105.9845,56.68,67,100,2.75,CA,1624108073
thunder bay,48.4001,-89.3168,54.0,74,100,7.23,CA,1624108074
paamiut,61.994,-49.6678,43.18,75,100,28.57,GL,1624108076
charlestown,-32.95,151.6667,57.94,88,91,5.99,AU,1624108077
nizhniy kuranakh,58.8353,125.4869,66.78,82,100,0.94,RU,1624108078
birjand,32.8663,59.2211,84.0,8,0,31.68,IR,1624108080
murakeresztur,46.3642,16.8818,91.35,42,6,1.63,HU,1624108082
kununurra,-15.7667,128.7333,69.78,46,3,4.61,AU,1624108083
bogalusa,30.791,-89.8487,77.05,88,94,4.61,US,1624108084
linden,6.0,-58.3,82.54,78,19,5.53,GY,1624108086
jega,12.2175,4.3792,96.19,35,99,4.47,NG,1624108087
anchorage,61.2181,-149.9003,55.44,84,90,0.0,US,1624107861
rudnya,54.947,31.0934,76.6,58,0,7.96,RU,1624108091
bulgan,48.8125,103.5347,62.83,52,4,3.22,MN,1624108093
itapipoca,-3.4944,-39.5786,85.48,53,97,8.19,BR,1624107827
verkh-usugli,52.7,115.1667,49.1,95,27,4.63,RU,1624108095
olinda,-8.0089,-34.8553,73.13,83,75,6.91,BR,1624108098
svetlogorsk,52.6333,29.7333,81.12,53,34,9.4,BY,1624108100
antalaha,-14.9003,50.2788,73.85,84,38,12.15,MG,1624108101
